[{"Domain Name":"antimacai.camdvr.org","Location":"","IPv4 Address":"185.199.109.153","IPv6 Address":"2600:0c05:3010:8888:0000:0000:0000:0206","Update Date":"4/27/2021 12:17:38 AM"},{"Domain Name":"antimacai.net","Location":"","IPv4 Address":"185.199.108.153","IPv6 Address":"2600:0c05:3010:8888:0000:0000:0000:0206","Update Date":"4/27/2021 12:31:13 AM"},{"Domain Name":"diny.com","Location":"","IPv4 Address":"35.186.238.101","IPv6 Address":"","Update Date":"4/28/2021 10:46:14 AM"},{"Domain Name":"github.io","Location":"","IPv4 Address":"185.199.108.153","IPv6 Address":"","Update Date":"4/26/2021 4:00:32 PM"}]