<DocumentElement>
  <HostList>
    <Domain_x0020_Name>antimacai.camdvr.org</Domain_x0020_Name>
    <Location />
    <IPv4_x0020_Address>185.199.109.153</IPv4_x0020_Address>
    <IPv6_x0020_Address>2600:0c05:3010:8888:0000:0000:0000:0206</IPv6_x0020_Address>
    <Update_x0020_Date>4/27/2021 12:17:38 AM</Update_x0020_Date>
  </HostList>
  <HostList>
    <Domain_x0020_Name>antimacai.net</Domain_x0020_Name>
    <Location />
    <IPv4_x0020_Address>185.199.108.153</IPv4_x0020_Address>
    <IPv6_x0020_Address>2600:0c05:3010:8888:0000:0000:0000:0206</IPv6_x0020_Address>
    <Update_x0020_Date>4/27/2021 12:31:13 AM</Update_x0020_Date>
  </HostList>
  <HostList>
    <Domain_x0020_Name>diny.com</Domain_x0020_Name>
    <Location />
    <IPv4_x0020_Address>35.186.238.101</IPv4_x0020_Address>
    <IPv6_x0020_Address />
    <Update_x0020_Date>4/28/2021 10:46:14 AM</Update_x0020_Date>
  </HostList>
  <HostList>
    <Domain_x0020_Name>github.io</Domain_x0020_Name>
    <Location />
    <IPv4_x0020_Address>185.199.108.153</IPv4_x0020_Address>
    <IPv6_x0020_Address />
    <Update_x0020_Date>4/26/2021 4:00:32 PM</Update_x0020_Date>
  </HostList>
</DocumentElement>